{"cameraMode":{"drawMode":0,"name":"Shaded","section":"Shading Mode"},"sceneLighting":true,"audioPlay":false,"sceneViewState":{"showFog":true,"showMaterialUpdate":false,"showSkybox":true,"showFlares":true,"showImageEffects":true,"showParticleSystems":true},"in2DMode":false,"pivot":{"x":19.962966918945314,"y":-0.18845555186271668,"z":12.758251190185547},"rotation":{"x":0.12383406609296799,"y":-0.1688189059495926,"z":0.0213844683021307,"w":0.9776034951210022},"size":45.66482162475586,"orthographic":false}